,Latitude,Longitude,Total Alerts,Most Common Alert,Location,Average_speed
150,12.94,80.13,654,cas_hmw,"Government Hospital of Thoracic Medicine, kuppuswamy Street, Chitlapakkam, Tambaram, Chengalpattu District, Tamil Nadu, 600064, India",37.878
158,12.95,80.14,605,cas_hmw,"Chromepet, Pallavaram, Chengalpattu District, Tamil Nadu, 600044, India",36.089
109,12.88,80.08,605,cas_hmw,"Vandalur zoo, Grand Southern Trunk Road, Vandalur, Chengalpattu, Chengalpattu District, Tamil Nadu, 603210, India",24.357
128,12.92,80.11,600,cas_hmw,"Irumbuliyur, Tambaram, Chengalpattu District, Tamil Nadu, 600045, India",43.308
142,12.93,80.12,537,cas_hmw,"Gandhi Road, East Tambaram, Tambaram, Chengalpattu District, Tamil Nadu, 600059, India",33.214
123,12.91,80.1,513,cas_hmw,"Grand Southern Trunk Road, Peerkankaranai, Irumbuliyur, Tambaram, Chengalpattu District, Tamil Nadu, 600045, India",36.38
200,12.99,80.18,453,cas_hmw,"CMWSSB Division 201, St.Thomas Mount-Pallavaram Cantonment Board, Alandur, Chennai District, Tamil Nadu, 600114, India",37.179
178,12.97,80.15,452,cas_hmw,"Alandur, Chennai District, Tamil Nadu, 600043, India",40.918
118,12.9,80.09,444,cas_hmw,"Tambaram, Chengalpattu District, Tamil Nadu, 600045, India",45.315
215,13.01,80.21,422,cas_hmw,"CMWSSB Division 170, St. Thomas Mount Cantonment, Alandur, Chennai District, Tamil Nadu, 600016, India",43.372
210,13,80.2,418,cas_hmw,"CMWSSB Division 201, St. Thomas Mount Cantonment, St.Thomas Mount-Pallavaram Cantonment Board, Alandur, Chennai District, Tamil Nadu, 600016, India",38.031
216,13.01,80.22,414,cas_hmw,"ITC Grand Chola, 63, Anna Salai (Mount Road), CMWSSB Division 174, Zone 13 Adyar, Chennai, Chennai District, Tamil Nadu, 600032, India",37.78
209,13,80.19,375,cas_hmw,"CMWSSB Division 201, St. Thomas Mount Cantonment, Alandur, Chennai District, Tamil Nadu, 600016, India",37.976
188,12.98,80.16,351,cas_hmw,"Terminal Link Road, CMWSSB Division 159, Ward 159, Zone 12 Alandur, Alandur, Chennai District, Tamil Nadu, 600027, India",48.684
277,13.07,80.27,310,cas_pcw,"Pudupet, Ward 63, Zone 5 Royapuram, Chennai, Chennai District, Tamil Nadu, 600001, India",21.739
266,13.06,80.27,302,cas_pcw,"Chinna Piliyar Koil Street, CMWSSB Division 63, Zone 5 Royapuram, Chennai, Chennai District, Tamil Nadu, 600001, India",16.106
189,12.98,80.17,302,cas_hmw,"Grand Southern Trunk Road, CMWSSB Division 201, St. Thomas Mount Cantonment, Zone 12 Alandur, St. Thomas Mount Cantonment, Alandur, Chennai District, Tamil Nadu, 600027, India",50.51
113,12.89,80.08,299,cas_hmw,"Vandalur, Chengalpattu, Chengalpattu District, Tamil Nadu, 603210, India",50.987
254,13.05,80.27,290,cas_pcw,"Pertho Street, CMWSSB Division 119, Zone 9 Teynampet, Chennai, Chennai District, Tamil Nadu, 600001, India",15.755
235,13.03,80.24,281,cas_hmw,"Government Arts College for Men, Anna Salai (Mount Road), Todhunter Nagar, CMWSSB Division 171, Zone 13 Adyar, Chennai, Chennai District, Tamil Nadu, 600001, India",34.377
168,12.96,80.15,279,cas_hmw,"Pallavaram, Chengalpattu District, Tamil Nadu, 603044, India",37.9
167,12.96,80.14,273,cas_hmw,"Pallavaram, Chengalpattu District, Tamil Nadu, 600044, India",30.238
217,13.01,80.23,262,cas_hmw,"Highway Research Station, South Avenue, Srinagar Colony, Ward 171, Zone 13 Adyar, Chennai, Chennai District, Tamil Nadu, 600001, India",38.981
227,13.02,80.23,254,cas_hmw,"Jothiammal Nagar, Ward 171, Zone 13 Adyar, Chennai, Chennai District, Tamil Nadu, 600001, India",32.059
252,13.05,80.25,241,cas_hmw,"Beerkaran 1st Street, Ellaiamman Colony, CMWSSB Division 118, Zone 9 Teynampet, Chennai, Chennai District, Tamil Nadu, 600001, India",34.212
97,12.86,80.07,209,cas_hmw,"Urapakkam, Chengalpattu, Chengalpattu District, Tamil Nadu, 603211, India",44.943
103,12.87,80.08,206,cas_hmw,"Urapakkam, Chengalpattu, Chengalpattu District, Tamil Nadu, 603210, India",44.466
244,13.04,80.25,205,cas_hmw,"Mariappan Street, Venus Colony, CMWSSB Division 118, Zone 9 Teynampet, Chennai, Chennai District, Tamil Nadu, 600001, India",28.776
264,13.06,80.25,205,cas_hmw,"Ward 111, Zone 9 Teynampet, Chennai, Chennai District, Tamil Nadu, 600001, India",10.927
114,12.89,80.09,204,cas_hmw,"Vandalur, Chengalpattu, Chengalpattu District, Tamil Nadu, 600063, India",49.936
275,13.07,80.25,194,cas_hmw,"Womens Christian College, College Road, CMWSSB Division 111, Zone 9 Teynampet, Chennai, Chennai District, Tamil Nadu, 600001, India",25.902
64,12.76,80,190,cas_hmw,"Singaperumal Koil, Chengalpattu, Chengalpattu District, Tamil Nadu, 603204, India",38.521
214,13.01,80.2,185,cas_hmw,"Police Commissioner of Chennai Office, St. Thomas Mount Cantonment, St.Thomas Mount-Pallavaram Cantonment Board, Alandur, Chennai District, Tamil Nadu, 600016, India",41.843
276,13.07,80.26,182,cas_hmw,"Egmore Eye Hospital, Rukmani Lakshmipathi Road, Ward 61, Zone 5 Royapuram, Chennai, Chennai District, Tamil Nadu, 600001, India",25.467
54,12.7,79.97,174,cas_ldw,"Natham, Chengalpattu, Chengalpattu District, Tamil Nadu, 603001, India",36.034
234,13.03,80.23,173,cas_hmw,"Ward 171, Zone 13 Adyar, Chennai, Chennai District, Tamil Nadu, 600001, India",29.671
80,12.82,80.04,149,cas_ldw,"Potheri, Chengalpattu, Chengalpattu District, Tamil Nadu, 603203, India",49.919
53,12.69,79.98,147,cas_hmw,"Numbi Nursing Home, Varadhanar Street, Vedachalam Nagar, Gokulapuram, Chengalpattu, Chengalpattu District, Tamil Nadu, 603001, India",23.912
66,12.77,80.01,143,cas_ldw,"GST Road - Karuneelam - Melrosapuram Road, Singaperumal Koil, Chengalpattu, Chengalpattu District, Tamil Nadu, 600007, India",51.909
57,12.71,79.98,142,cas_ldw,"Grand Southern Trunk Road, Pulippākkam, Chengalpattu, Chengalpattu District, Tamil Nadu, 603001, India",50.725
59,12.73,79.98,140,cas_ldw,"Grand Southern Trunk Road, Kāndalūr, Chengalpattu, Chengalpattu District, Tamil Nadu, 603004, India",50.8
41,12.65,79.94,138,cas_ldw,"Grand Southern Trunk Road, Vadapattu, Maduranthakam, Chengalpattu District, Tamil Nadu, 603201, India",53.159
23,12.52,79.89,138,cas_ldw,"Madurantakam - Vennangupet Road, Maduranthakam, Chengalpattu District, Tamil Nadu, 603306, India",52.428
253,13.05,80.26,134,cas_hmw,"Besant Road, Ganapathy Colony, CMWSSB Division 118, Zone 9 Teynampet, Chennai, Chennai District, Tamil Nadu, 600001, India",27.739
25,12.53,79.9,134,cas_ldw,"Grand Southern Trunk Road, Bukkathurai, Maduranthakam, Chengalpattu District, Tamil Nadu, 603303, India",47.784
61,12.74,79.99,134,cas_ldw,"Grand Southern Trunk Road, Singaperumal Koil, Chengalpattu, Chengalpattu District, Tamil Nadu, 603204, India",46.858
219,13.01,80.25,133,cas_hmw,"4th Cross Street, Gandhinagar, Ward 175, Zone 13 Adyar, Chennai, Chennai District, Tamil Nadu, 600001, India",24.451
26,12.54,79.9,132,cas_ldw,"Maduranthakam, Chengalpattu District, Tamil Nadu, 603303, India",51.288
220,13.01,80.26,131,cas_hmw,"Vasantha Press Road (North), Arunachalapuram, Ward 176, Zone 13 Adyar, Chennai, Chennai District, Tamil Nadu, 600001, India",30.031
58,12.72,79.98,128,cas_ldw,"Grand Southern Trunk Road, Rajākulipettai, Chengalpattu, Chengalpattu District, Tamil Nadu, 603004, India",34.375
265,13.06,80.26,127,cas_hmw,"M. Ct. M. Chidambaram Chettyar, Anna Salai (Mount Road), Ward 111, Zone 9 Teynampet, Chennai, Chennai District, Tamil Nadu, 600001, India",21.724
35,12.61,79.92,127,cas_ldw,"Grand Southern Trunk Road, Bukkathurai, Maduranthakam, Chengalpattu District, Tamil Nadu, 603303, India",54.228
43,12.66,79.95,126,cas_hmw,"Grand Southern Trunk Road, Irunkunrapalli, Chengalpattu, Chengalpattu District, Tamil Nadu, 603201, India",45.119
63,12.75,80,125,cas_ldw,"Tirutteri, Chengalpattu, Chengalpattu District, Tamil Nadu, 603004, India",56.152
90,12.84,80.06,123,cas_hmw,"Government Girls Higher Secondary School, Nellikuppam Road, Guduvancheri, Chengalpattu, Chengalpattu District, Tamil Nadu, 603202, India",39.309
199,12.99,80.17,122,cas_hmw,"Chennai International Airport, Grand Southern Trunk Road, CMWSSB Division 201, St. Thomas Mount Cantonment, Alandur, Chennai District, Tamil Nadu, 600027, India",33.5
78,12.81,80.03,122,cas_ldw,"Grand Southern Trunk Road, Maraimalai Nagar Industrial Area, Kattangulathur, Chengalpattu, Chengalpattu District, Tamil Nadu, 603203, India",54.066
93,12.85,80.06,120,cas_hmw,"Guduvancheri, Chengalpattu, Chengalpattu District, Tamil Nadu, 603202, India",39.783
37,12.62,79.93,119,cas_ldw,"Grand Southern Trunk Road, Māmandūr, Maduranthakam, Chengalpattu District, Tamil Nadu, 603308, India",56.664
94,12.85,80.07,119,cas_ldw,"Guduvancheri, Chengalpattu, Chengalpattu District, Tamil Nadu, 603202, India",48.487
84,12.83,80.05,113,cas_ldw,"Zoho Corporation, Grand Southern Trunk Road, Guduvancheri, Chengalpattu, Chengalpattu District, Tamil Nadu, 603202, India",50.681
127,12.92,80.1,113,cas_hmw,"Irumbuliyur, Tambaram, Chengalpattu District, Tamil Nadu, 600045, India",49.602
83,12.83,80.04,111,cas_ldw,"Potheri, Sriperumbudur, Chengalpattu, Chengalpattu District, Tamil Nadu, 603203, India",55.009
72,12.8,80.02,109,cas_ldw,"Grand Southern Trunk Road, Maraimalai Nagar Industrial Area, Singaperumal Koil, Chengalpattu, Chengalpattu District, Tamil Nadu, 603204, India",48.073
44,12.66,79.96,107,cas_ldw,"exit to chengalpattu, Vedanārāyanapuram, Chengalpattu, Chengalpattu District, Tamil Nadu, 603001, India",49.252
34,12.6,79.92,104,cas_ldw,"Grand Southern Trunk Road, Bukkathurai, Maduranthakam, Chengalpattu District, Tamil Nadu, 603303, India",53.375
28,12.55,79.91,102,cas_ldw,"Grand Southern Trunk Road, Bukkathurai, Maduranthakam, Chengalpattu District, Tamil Nadu, 603303, India",55.824
89,12.84,80.05,102,cas_ldw,"Sriperumbudur, Kanchipuram District, Tamil Nadu, 603202, India",53.529
228,13.02,80.26,102,cas_hmw,"Ramakrishna Nagar, CMWSSB Division 173, Zone 13 Adyar, Chennai, Chennai District, Tamil Nadu, 600001, India",24.608
21,12.51,79.88,101,cas_ldw,"Grand Southern Trunk Road, Maduranthakam, Chengalpattu District, Tamil Nadu, 603306, India",36.743
218,13.01,80.24,101,cas_hmw,"University of Madras, Guindy Campus, Maraimalai Adigar Road, Ward 171, Zone 13 Adyar, Chennai, Chennai District, Tamil Nadu, 600001, India",29.693
67,12.78,80.01,101,cas_ldw,"Grand Southern Trunk Road, Maraimalai Nagar Industrial Area, Singaperumal Koil, Chengalpattu, Chengalpattu District, Tamil Nadu, 603204, India",56.228
33,12.59,79.92,100,cas_ldw,"Grand Southern Trunk Road, Bukkathurai, Maduranthakam, Chengalpattu District, Tamil Nadu, 603303, India",55.99
32,12.58,79.92,100,cas_ldw,"Grand Southern Trunk Road, Bukkathurai, Maduranthakam, Chengalpattu District, Tamil Nadu, 603303, India",55.54
38,12.63,79.93,98,cas_ldw,"Bukkathurai - Uthiramerur Road, Bukkathurai, Maduranthakam, Chengalpattu District, Tamil Nadu, 603201, India",48.571
129,12.92,80.12,97,cas_hmw,"Miller Memorial Library, Velachery Mudhanmai Salai, East Tambaram, Tambaram, Chengalpattu District, Tamil Nadu, 600059, India",43.031
201,12.99,80.19,96,cas_hmw,"CMWSSB Division 162, Ward 162, Zone 12 Alandur, Alandur, Chennai District, Tamil Nadu, 600114, India",29.052
226,13.02,80.22,93,cas_hmw,"Kamaatchi Amman Kovil, Chetty Street, Ward 142, Zone 10 Kodambakkam, Chennai, Chennai District, Tamil Nadu, 600001, India",31.065
143,12.93,80.13,93,cas_hmw,"Moover Street, East Tambaram, Tambaram, Chengalpattu District, Tamil Nadu, 600059, India",43.075
69,12.79,80.02,92,cas_ldw,"Grand Southern Trunk Road, Maraimalai Nagar Industrial Area, Kattangulathur, Chengalpattu, Chengalpattu District, Tamil Nadu, 603203, India",52.12
245,13.04,80.27,83,cas_pcw,"Buckingham Canal Road, CMWSSB Division 124, Zone 9 Teynampet, Chennai, Chennai District, Tamil Nadu, 600001, India",20.783
29,12.56,79.91,79,cas_ldw,"Grand Southern Trunk Road, Bukkathurai, Maduranthakam, Chengalpattu District, Tamil Nadu, 603303, India",54.519
42,12.66,79.94,78,cas_ldw,"Vadapattu, Maduranthakam, Chengalpattu District, Tamil Nadu, 603201, India",52.769
50,12.68,79.98,75,cas_hmw,"Gokulapuram, Chengalpattu, Chengalpattu District, Tamil Nadu, 603001, India",22.24
22,12.51,79.89,72,cas_pcw,"Car Street, Gandhi Nagar, Maduranthakam, Chengalpattu District, Tamil Nadu, 603306, India",31.917
131,12.92,80.14,69,cas_hmw,"Selaiyur, Tambaram, Chengalpattu District, Tamil Nadu, 600073, India",24.884
40,12.64,79.94,67,cas_ldw,"Grand Southern Trunk Road, Māmandūr, Maduranthakam, Chengalpattu District, Tamil Nadu, 603308, India",54.761
31,12.57,79.92,59,cas_ldw,"Grand Southern Trunk Road, Bukkathurai, Maduranthakam, Chengalpattu District, Tamil Nadu, 603303, India",55.661
132,12.92,80.15,58,cas_hmw,"Rajakilpakkam, Tambaram, Chengalpattu District, Tamil Nadu, 600073, India",28.431
24,12.52,79.9,57,cas_ldw,"Gandhi Nagar, Maduranthakam, Chengalpattu District, Tamil Nadu, 603306, India",53.772
130,12.92,80.13,55,cas_hmw,"Bharathiyar street, Selaiyur, Tambaram, Chengalpattu District, Tamil Nadu, 600073, India",28.491
183,12.97,80.22,53,cas_hmw,"Bhuvaneswary Nagar 1st Main Road, VGP Selva Nagar, CMWSSB Division 179, Velachery, Chennai District, Tamil Nadu, 600042, India",41.943
187,12.98,80.14,51,cas_pcw,"Pammal, Pallavaram, Chengalpattu District, Tamil Nadu, 600074, India",22.137
238,13.03,80.27,50,cas_pcw,"Mosque Street, Ward 124, Zone 9 Teynampet, Chennai, Chennai District, Tamil Nadu, 600001, India",16.52
134,12.92,80.17,50,cas_hmw,"Velachery Mudhanmai Salai, Gowriwakkam, Tambaram, Chengalpattu District, Tamil Nadu, 601302, India",38.18
135,12.92,80.18,49,cas_hmw,"Quaid-e-milleth College, Medavakkam Bus Terminus Service Road, Tambaram, Chengalpattu District, Tamil Nadu, 600045, India",34.082
117,12.9,80.07,49,cas_ldw,"Mudichur, Tambaram, Chengalpattu District, Tamil Nadu, 600045, India",56.245
161,12.95,80.18,49,cas_hmw,"Pallavaram - Thoraipakkam Road, Keelkattalai, Pallavaram, Chengalpattu District, Tamil Nadu, 600117, India",35.694
47,12.67,79.97,48,cas_ldw,"Chennai - Trichy - Dindugal Road (Old NH45), Vedanārāyanapuram, Chengalpattu, Chengalpattu District, Tamil Nadu, 603001, India",51.854
186,12.98,80.13,46,cas_pcw,"Anakaputhur, Pallavaram, Chengalpattu District, Tamil Nadu, 600070, India",21.109
162,12.95,80.19,46,cas_hmw,"JONES BLAZIA, 9, Pallavaram - Thoraipakkam Road, Keelkattalai, Pallavaram, Chengalpattu District, Tamil Nadu, 600117, India",37.696
172,12.96,80.21,44,cas_hmw,"Kuberan Nagar, Ward 188, Zone 14 Perungudi, Sholinganallur, Chennai District, Tamil Nadu, 601100, India",36.5
163,12.95,80.2,43,cas_hmw,"Narayanapuram, Sunnambu Kulathur, Sholinganallur, Chennai District, Tamil Nadu, 600117, India",37.349
55,12.7,79.98,42,cas_hmw,"Natham, Chengalpattu, Chengalpattu District, Tamil Nadu, 603001, India",21.333
205,13,80.1,42,cas_pcw,"Moonrankattalai, Pallavaram, Chengalpattu District, Tamil Nadu, 600069, India",23.071
125,12.92,80.08,42,cas_ldw,"Perungalathur, Tambaram, Sriperumbudur, Tambaram, Chengalpattu District, Tamil Nadu, 600045, India",44.333
73,12.8,80.03,41,cas_hmw,"Maraimalai Nagar, Chengalpattu, Chengalpattu District, Tamil Nadu, 603209, India",54.634
51,12.69,79.96,40,cas_ldw,"Garden City, Palaveli, Chengalpattu, Chengalpattu District, Tamil Nadu, 603001, India",55.15
159,12.95,80.16,38,cas_hmw,"Nemilichery, Pallavaram, Chengalpattu District, Tamil Nadu, 603044, India",44.053
45,12.66,79.97,37,cas_ldw,"Vedanārāyanapuram, Chengalpattu, Chengalpattu District, Tamil Nadu, 603001, India",43.162
191,12.98,80.23,36,cas_hmw,"Sheshadri Puram 2nd Cross Road, Seshadripuram, Ward 179, Velachery, Chennai District, Tamil Nadu, 600042, India",15.806
164,12.95,80.21,35,cas_hmw,"Ward 188, Zone 14 Perungudi, Sholinganallur, Chennai District, Tamil Nadu, 601100, India",33.857
190,12.98,80.22,35,cas_hmw,"Vijaynagar, Ward 178, Velachery, Chennai District, Tamil Nadu, 600042, India",25.371
204,13,80.09,35,cas_ldw,"Kundrathur, Pallavaram, Chengalpattu District, Tamil Nadu, 600069, India",56.4
133,12.92,80.16,35,cas_hmw,"Gowriwakkam, Tambaram, Chengalpattu District, Tamil Nadu, 601302, India",41.771
49,12.68,79.96,34,cas_ldw,"Grand Southern Trunk Road, Garden City, Palaveli, Chengalpattu, Chengalpattu District, Tamil Nadu, 603001, India",54.529
79,12.82,80.03,33,cas_ldw,"Potheri, Chengalpattu, Chengalpattu District, Tamil Nadu, 603203, India",53.333
152,12.94,80.18,32,cas_pcw,"Nanmangalam, Sholinganallur, Chennai District, Tamil Nadu, 600129, India",21.438
19,12.5,79.87,31,cas_ldw,"Endathur Road, Maduranthakam, Chengalpattu District, Tamil Nadu, 603306, India",43.452
170,12.96,80.19,31,cas_pcw,"Leisure walk path, Park Square colony, Ward 187, Keelkattalai, Pallavaram, Chengalpattu District, Tamil Nadu, 600117, India",13.387
211,13.01,80.09,31,cas_ldw,"Kundrathur, Pallavaram, Chengalpattu District, Tamil Nadu, 600069, India",55.129
20,12.5,79.88,31,cas_ldw,"Maduranthakam, Chengalpattu District, Tamil Nadu, 603306, India",54.839
30,12.57,79.91,31,cas_ldw,"Grand Southern Trunk Road, Bukkathurai, Maduranthakam, Chengalpattu District, Tamil Nadu, 603303, India",56.032
112,12.89,80.07,31,cas_ldw,"Manivakkam, Chengalpattu, Chengalpattu District, Tamil Nadu, 603210, India",55.935
46,12.67,79.96,30,cas_ldw,"Palaveli, Chengalpattu, Chengalpattu District, Tamil Nadu, 603001, India",55.433
121,12.91,80.07,29,cas_ldw,"Mudichur, Tambaram, Sriperumbudur, Tambaram, Chengalpattu District, Tamil Nadu, 600045, India",55.517
173,12.96,80.22,29,cas_hmw,"National Institute of Wind Energy (NIWE), Velachery Main Road, Kuberan Nagar, Ward 188, Zone 14 Perungudi, Sholinganallur, Chennai District, Tamil Nadu, 600100, India",29.31
197,12.99,80.12,28,cas_hmw,"Anakaputhur, Tharapakkam, Pallavaram, Chengalpattu District, Tamil Nadu, 600070, India",28.464
151,12.94,80.14,28,cas_hmw,"Chitlapakkam, Tambaram, Chengalpattu District, Tamil Nadu, 600064, India",48.286
139,12.93,80.08,27,cas_ldw,"Outer Ring Road, Dharkas, Sriperumbudur, Kanchipuram District, Tamil Nadu, 600063, India",37.222
236,13.03,80.25,26,cas_hmw,"T T Krishnamachari Road, Seethammal Colony, CMWSSB Division 123, Zone 9 Teynampet, Chennai, Chennai District, Tamil Nadu, 600001, India",32.808
119,12.9,80.1,26,cas_hmw,"Vandalur Reserve Forest, Grand Southern Trunk Road, Vandalur, Chengalpattu, Chengalpattu District, Tamil Nadu, 603210, India",28.269
48,12.67,79.98,25,cas_hmw,"Lakshmipuram, Chengalpattu, Chengalpattu District, Tamil Nadu, 603002, India",34.8
160,12.95,80.17,25,cas_ldw,"4th Street, English Electric Nagar, Nemilichery, Pallavaram, Chengalpattu District, Tamil Nadu, 600031, India",34.92
102,12.87,80.07,25,cas_hmw,"Urapakkam, Chengalpattu, Chengalpattu District, Tamil Nadu, 603211, India",43
62,12.75,79.99,24,cas_ldw,"Tirutteri, Chengalpattu, Chengalpattu District, Tamil Nadu, 603004, India",53.958
179,12.97,80.16,24,cas_hmw,"Old Pallavaram, Pallavaram, Chengalpattu District, Tamil Nadu, 600043, India",43.75
185,12.98,80.12,23,cas_pcw,"Anakaputhur, Kundrathur, Pallavaram, Chengalpattu District, Tamil Nadu, 600070, India",33.435
249,13.05,80.12,23,cas_hmw,"Senneerkuppam, Poonamallee, Thiruvallur District, Tamil Nadu, 600056, India",26.261
155,12.95,80.09,23,cas_ldw,"Erumaiyur, Sriperumbudur, Kanchipuram District, Tamil Nadu, 600045, India",56.522
240,13.04,80.09,22,cas_ldw,"Nazarathpet, Poonamallee, Thiruvallur District, Tamil Nadu, 602101, India",50.364
171,12.96,80.2,21,cas_pcw,"Sheela Nagar, CMWSSB Division 188, Zone 14 Perungudi, Pallavaram, Chengalpattu District, Tamil Nadu, 600091, India",14.286
196,12.99,80.11,21,cas_hmw,"Kundrathur, Pallavaram, Chengalpattu District, Tamil Nadu, 600069, India",28.857
39,12.64,79.93,21,cas_ldw,"Māmandūr, Maduranthakam, Uthiramerur, Kanchipuram District, Chengalpattu District, Tamil Nadu, 603201, India",53.524
288,13.08,80.28,21,cas_hmw,"Rajiv Gandhi Government General Hospital, General Hospital Road, Evening Bazaar, CMWSSB Division 59, Zone 5 Royapuram, Chennai, Chennai District, Tamil Nadu, 600003, India",31.143
258,13.06,80.1,21,cas_hmw,"Parivakkam, Poonamallee, Thiruvallur District, Tamil Nadu, 600056, India",30.81
18,12.49,79.87,20,cas_ldw,"Grand Southern Trunk Road, Melmavurathur, Cheyyur, Chengalpattu District, Tamil Nadu, 603319, India",55.7
221,13.02,80.09,20,cas_ldw,"ORR Service Road, Chikkarayapuram, Pallavaram, Chengalpattu District, Tamil Nadu, 600069, India",55.5
206,13,80.11,20,cas_hmw,"Irandamkattalai - Karaimanagar Road, Anakaputhur, Manancheri, Pallavaram, Chengalpattu District, Tamil Nadu, 600069, India",33.8
11,12.45,79.84,20,cas_ldw,"Grand Southern Trunk Road, Melmavurathur, Cheyyur, Chengalpattu District, Tamil Nadu, 603319, India",54.1
126,12.92,80.09,19,cas_hmw,"Gandhi Nagar 1st Street, Perungalathur, Tambaram, Chengalpattu District, Tamil Nadu, 600045, India",30.684
177,12.97,80.14,19,cas_pcw,"Pammal, Pallavaram, Chengalpattu District, Tamil Nadu, 600075, India",9.737
248,13.05,80.09,19,cas_hmw,"Nazarathpet, Poonamallee, Thiruvallur District, Tamil Nadu, 600056, India",39.211
144,12.93,80.18,19,cas_hmw,"Tambaram, Chengalpattu District, Tamil Nadu, 600045, India",21.368
16,12.48,79.86,19,cas_ldw,"Grand Southern Trunk Road, Melmavurathur, Cheyyur, Chengalpattu District, Tamil Nadu, 603319, India",55.053
56,12.71,79.97,18,cas_ldw,"Pulippākkam, Chengalpattu, Chengalpattu District, Tamil Nadu, 603101, India",56.167
165,12.96,80.09,18,cas_ldw,"ORR Service Road, Sriperumbudur, Pallavaram, Chengalpattu District, Tamil Nadu, 600069, India",46.333
27,12.54,79.91,17,cas_ldw,"Thirumukkudal - Nelvoy - Thirukazhukundram Road, Maduranthakam, Chengalpattu District, Tamil Nadu, 603303, India",44.529
14,12.47,79.85,17,cas_ldw,"Grand Southern Trunk Road, Melmavurathur, Cheyyur, Chengalpattu District, Tamil Nadu, 603319, India",56.588
297,13.09,80.29,17,cas_hmw,"Beach Road, Ward 60, Zone 5 Royapuram, Chennai, Chennai District, Tamil Nadu, 600001, India",29.706
180,12.97,80.19,16,cas_pcw,"Shree Aayee Mataji Temple, கண்ணன் நகர் 3வது மெயின் ரோடு, CMWSSB Division 167, Ward 167, Zone 12 Alandur, Alandur, Chennai District, Tamil Nadu, 600061, India",22.5
99,12.86,80.13,16,cas_hmw,"Rathinamangalam, Chengalpattu, Chengalpattu District, Tamil Nadu, 600127, India",38.188
222,13.02,80.1,16,cas_hmw,"Mangadu, Chikkarayapuram, Pallavaram, Chengalpattu District, Tamil Nadu, 600069, India",28.312
184,12.98,80.09,16,cas_ldw,"ORR Service Road, Kundrathur, Pallavaram, Chengalpattu District, Tamil Nadu, 600069, India",56.625
181,12.97,80.2,16,cas_pcw,"Ramalinga Nagar, Ward 169, Zone 14 Perungudi, Sholinganallur, Chennai District, Tamil Nadu, 600091, India",23.375
231,13.03,80.11,16,cas_hmw,"Kamakashi Amman Temple, Poonamallee - Kundrathur - Pallavaram Road, Mangadu, Chikkarayapuram, Pallavaram, Chengalpattu District, Tamil Nadu, 602101, India",21.75
174,12.97,80.09,15,cas_ldw,"Outer Ring Road, Thirumudivakkam SIDCO Industrial Estate, Kundrathur, Pallavaram, Chengalpattu District, Tamil Nadu, 600069, India",53.8
260,13.06,80.12,15,cas_ldw,"Thiruverkadu, Senneerkuppam, Poonamallee, Thiruvallur District, Tamil Nadu, 600056, India",42.733
274,13.07,80.24,15,cas_hmw,"15th Avenue, Ward 107, Zone 8 Anna Nagar, Chennai, Chennai District, Tamil Nadu, 600001, India",28.933
230,13.03,80.09,15,cas_ldw,"Outer Ring Road, Agraharam, Pallavaram, Chengalpattu District, Tamil Nadu, 600069, India",37.933
104,12.87,80.09,15,cas_ldw,"Rescue Center, Vandalur - Mambakkam - Kelambakkam Road, Kolapakkam, Rathinamangalam, Chengalpattu, Chengalpattu District, Tamil Nadu, 600127, India",40.733
13,12.46,79.85,15,cas_ldw,"Maduranthakam, Chengalpattu District, Tamil Nadu, 603319, India",55.267
60,12.73,79.99,14,cas_ldw,"Paranur, Chengalpattu, Chengalpattu District, Tamil Nadu, 603004, India",50.5
68,12.79,80.01,14,cas_ldw,"Maraimalai Nagar, Chengalpattu, Chengalpattu District, Tamil Nadu, 603209, India",51.786
241,13.04,80.11,14,cas_pcw,"Mangadu, Pallavaram, Chengalpattu District, Tamil Nadu, 602101, India",17.571
36,12.61,79.93,14,cas_ldw,"Bukkathurai, Maduranthakam, Chengalpattu District, Tamil Nadu, 603308, India",57.786
10,12.44,79.84,14,cas_ldw,"Melmavurathur, Cheyyur, Chengalpattu District, Tamil Nadu, 603319, India",44.786
270,13.07,80.18,14,cas_hmw,"CMWSSB Division 144, Zone 11 Valasaravakkam, Ambattur, Thiruvallur District, Tamil Nadu, 600037, India",15.214
282,13.08,80.21,14,cas_hmw,"Anna Adarsh Matriculation Higher Secondary School, 9th Main Road, AB Block, CMWSSB Division 100, Zone 8 Anna Nagar, Chennai, Chennai District, Tamil Nadu, 600001, India",20.714
147,12.94,80.08,13,cas_ldw,"Kishkinta, Darkas Road, Melattur Junction, Sriperumbudur, Kanchipuram District, Tamil Nadu, 600063, India",55.923
140,12.93,80.1,13,cas_hmw,"Tambaram, Chengalpattu District, Tamil Nadu, 600045, India",29.923
263,13.06,80.24,12,cas_hmw,"Ward 113, Zone 9 Teynampet, Chennai, Chennai District, Tamil Nadu, 600001, India",33.667
198,12.99,80.14,12,cas_pcw,"Pozhichalur, Alandur, Chennai District, Tamil Nadu, 600074, India",17.583
300,13.1,80.29,12,cas_hmw,"Thambu Chetty Street, Ward 56, Zone 5 Royapuram, Chennai, Chennai District, Tamil Nadu, 600001, India",24.083
229,13.02,80.27,11,cas_hmw,"Ward 173, Zone 13 Adyar, Chennai, Chennai District, Tamil Nadu, 600001, India",28.182
195,12.99,80.09,11,cas_ldw,"Kundrathur, Pallavaram, Chengalpattu District, Tamil Nadu, 600069, India",56.727
281,13.08,80.2,10,cas_hmw,"Ward 127, Zone 10 Kodambakkam, Chennai, Chennai District, Tamil Nadu, 600001, India",29.1
105,12.87,80.1,10,cas_ldw,"Kolapakkam, Chengalpattu, Chengalpattu District, Tamil Nadu, 603210, India",44.4
52,12.69,79.97,10,cas_ldw,"Natham, Chengalpattu, Chengalpattu District, Tamil Nadu, 603001, India",56.8
156,12.95,80.11,9,cas_ldw,"Chennai Bypass Expressway, Tiruneermalai, Pallavaram, Chengalpattu District, Tamil Nadu, 600092, India",51
259,13.06,80.11,9,cas_ldw,"Thiruverkadu, Poonamallee, Thiruvallur District, Tamil Nadu, 600056, India",41.222
212,13.01,80.1,9,cas_hmw,"Chikkarayapuram, Pallavaram, Chengalpattu District, Tamil Nadu, 600069, India",17.667
314,13.17,80.24,9,cas_hmw,"CMWSSB Division 19, Zone 2 Manali, Kosappur, Mathavaram, Thiruvallur District, Tamil Nadu, 600051, India",0
243,13.04,80.15,8,cas_ldw,"Samayapuram Nagar 4th Street, Ward 150, Zone 11 Valasaravakkam, Ambattur, Thiruvallur District, Tamil Nadu, 600116, India",37.75
136,12.92,80.19,8,cas_ldw,"Jayachandran Nagar, Medavakkam, Sholinganallur, Chennai District, Tamil Nadu, 600100, India",42.125
289,13.08,80.29,8,cas_hmw,"CMWSSB Division 60, Zone 5 Royapuram, Chennai, Chennai District, Tamil Nadu, 600001, India",40
169,12.96,80.16,8,cas_hmw,"Old Pallavaram, Pallavaram, Chengalpattu District, Tamil Nadu, 603044, India",52.625
213,13.01,80.13,8,cas_ldw,"Kovur, Pallavaram, Chengalpattu District, Tamil Nadu, 600128, India",57.375
17,12.49,79.86,8,cas_ldw,"Maduranthakam, Chengalpattu District, Tamil Nadu, 603306, India",54.625
302,13.11,80.28,7,cas_hmw,"Thiruvottriyur High Road, Ward 48, Zone 4 Tondiarpet, Chennai, Chennai District, Tamil Nadu, 600001, India",31.286
65,12.77,80,7,cas_hmw,"Singaperumal Koil, Chengalpattu, Chengalpattu District, Tamil Nadu, 603204, India",46.143
261,13.06,80.16,7,cas_hmw,"service Road, Alapakkam, Vanagaram, Ambattur, Thiruvallur District, Tamil Nadu, 600095, India",42.286
176,12.97,80.13,7,cas_pcw,"Veerapandiya Kathabomman Street, Anakaputhur, Pallavaram, Chengalpattu District, Tamil Nadu, 600075, India",17.286
166,12.96,80.12,7,cas_ldw,"Chennai Bypass Expressway, Tiruneermalai, Pallavaram, Chengalpattu District, Tamil Nadu, 600092, India",56.857
182,12.97,80.21,7,cas_hmw,"Ramasamy Street, Ramalinga Nagar, Ward 169, Zone 14 Perungudi, Sholinganallur, Chennai District, Tamil Nadu, 601100, India",27
149,12.94,80.1,6,cas_ldw,"Chennai Bypass Expressway, Kannadapalayam, Tambaram, Chengalpattu District, Tamil Nadu, 600045, India",57.833
271,13.07,80.19,6,cas_hmw,"Ward 127, Zone 10 Kodambakkam, Chennai, Chennai District, Tamil Nadu, 600001, India",25.667
15,12.47,79.86,6,cas_ldw,"Pakkam Road, Maduranthakam, Chengalpattu District, Tamil Nadu, 603306, India",52.5
223,13.02,80.11,6,cas_hmw,"Mangadu, Chikkarayapuram, Pallavaram, Chengalpattu District, Tamil Nadu, 602101, India",29.5
242,13.04,80.12,6,cas_pcw,"Kattupakkam, Poonamallee, Thiruvallur District, Tamil Nadu, 602101, India",17.667
12,12.46,79.84,6,cas_ldw,"Maduranthakam, Chengalpattu District, Tamil Nadu, 603319, India",50.833
148,12.94,80.09,5,cas_ldw,"Tambaram, Sriperumbudur, Tambaram, Chengalpattu District, Tamil Nadu, 600045, India",57.4
141,12.93,80.11,5,cas_fcw,"Tambaram, Chengalpattu District, Tamil Nadu, 600045, India",17
193,12.98,80.25,5,cas_ldw,"2nd Street, MGR Nagar, CMWSSB Division 183, Zone 14 Perungudi, Sholinganallur, Chennai District, Tamil Nadu, 600041, India",47.2
239,13.03,80.28,5,cas_hmw,"Foreshore Estate Link, Ward 125, Zone 9 Teynampet, Chennai, Chennai District, Tamil Nadu, 600001, India",30.8
95,12.85,80.14,5,cas_hmw,"Kandigai, Chengalpattu, Chengalpattu District, Tamil Nadu, 600127, India",25.2
303,13.11,80.29,5,cas_hmw,"CMWSSB Division 52, Zone 5 Royapuram, Chennai, Chennai District, Tamil Nadu, 600001, India",16.2
262,13.06,80.17,5,cas_hmw,"CMWSSB Division 147, Zone 11 Valasaravakkam, Ambattur, Thiruvallur District, Tamil Nadu, 600095, India",34.2
308,13.13,80.26,4,cas_hmw,"Gandhi Street, CMWSSB Division 37, Zone 4 Tondiarpet, Chennai, Chennai District, Tamil Nadu, 600001, India",15.75
310,13.13,80.3,4,cas_hmw,"Chennai Port Road, Ward 43, Zone 4 Tondiarpet, Chennai, Chennai District, Tamil Nadu, 600001, India",18.75
293,13.09,80.19,4,cas_hmw,"Jeevan Bhima nagar gate 2, CMWSSB Division 89, Zone 7 Ambattur, Ambattur, Thiruvallur District, Tamil Nadu, 600101, India",31.75
256,13.06,80.08,4,cas_ldw,"ORR Service Road, Nazarathpet, Varadarajapuram, Poonamallee, Thiruvallur District, Tamil Nadu, 600072, India",38
268,13.07,80.16,4,cas_ldw,"Chennai Bypass Expressway, Ward 143, Zone 11 Valasaravakkam, Ayanambakkam, Ambattur, Thiruvallur District, Tamil Nadu, 600095, India",51
294,13.09,80.2,4,cas_hmw,"CMWSSB Division 99, Zone 8 Anna Nagar, Chennai, Chennai District, Tamil Nadu, 600001, India",38.25
247,13.05,80.08,4,cas_ldw,"Nazarathpet, Varadarajapuram, Poonamallee, Thiruvallur District, Tamil Nadu, 600056, India",28
287,13.08,80.27,4,cas_hmw,"Law's Bridge, Laws Bridge, CMWSSB Division 59, Zone 5 Royapuram, Chennai, Chennai District, Tamil Nadu, 600001, India",25.5
296,13.09,80.28,4,cas_hmw,"Flower Bazaar, Ward 57, Zone 5 Royapuram, Chennai, Chennai District, Tamil Nadu, 600001, India",17.25
272,13.07,80.22,4,cas_hmw,"Mehta Nagar, CMWSSB Division 106, Zone 8 Anna Nagar, Chennai, Chennai District, Tamil Nadu, 600001, India",21.5
306,13.12,80.29,4,cas_hmw,"Grace Garden, CMWSSB Division 49, Zone 5 Royapuram, Chennai, Chennai District, Tamil Nadu, 600001, India",25.25
0,12.34,79.78,4,cas_ldw,"Maduranthakam, Chengalpattu District, Tamil Nadu, India",49.75
225,13.02,80.14,4,cas_ldw,"Mangadu - Pattu - Mugalivakkam Road, Moulivakkam, Paraniputhur, Alandur, Chennai District, Tamil Nadu, 600122, India",58
208,13,80.13,4,cas_ldw,"Akash Nagar, Thandalam, Tharapakkam, Pallavaram, Chengalpattu District, Tamil Nadu, 600128, India",58
106,12.87,80.11,4,cas_hmw,"Kolapakkam, Chengalpattu, Chengalpattu District, Tamil Nadu, 603210, India",40.5
110,12.88,80.09,4,cas_ldw,"Arignar Anna Zoo Park, Vandaloor alternate entrance, Vandalur, Chengalpattu, Chengalpattu District, Tamil Nadu, 603210, India",40
233,13.03,80.15,3,cas_ldw,"Chennai Bypass Expressway, Ward 153, Zone 11 Valasaravakkam, Ambattur, Thiruvallur District, Tamil Nadu, 600122, India",57
283,13.08,80.22,3,cas_hmw,"CMWSSB Division 101, Zone 8 Anna Nagar, Chennai, Chennai District, Tamil Nadu, 600001, India",8.667
108,12.87,80.23,3,cas_ldw,"Indian Maritime University, Chennai Campus, Kannapiran Koil St, CMWSSB Division 200, Ward 199, Sholinganallur, Chennai District, Tamil Nadu, 600130, India",43
98,12.86,80.12,3,cas_ldw,"GST Road - Arungal - Nallambakkam Road, Urapakkam, Rathinamangalam, Chengalpattu, Chengalpattu District, Tamil Nadu, 603211, India",52.333
92,12.84,80.14,3,cas_hmw,"Melakottaiyur, Tiruporur, Chengalpattu District, Tamil Nadu, 600127, India",35
257,13.06,80.09,3,cas_ldw,"Poonamallee, Thiruvallur District, Tamil Nadu, 600056, India",49
278,13.07,80.28,3,cas_hmw,"Indian Army Horse Riding Club Island Grounds, Swami Sivananda Salai, Government Estate, CMWSSB Division 60, Zone 5 Royapuram, Chennai, Chennai District, Tamil Nadu, 600001, India",34.667
279,13.07,80.29,3,cas_hmw,"Varuna Salai, CMWSSB Division 60, Zone 5 Royapuram, Chennai, Chennai District, Tamil Nadu, 600001, India",37.333
250,13.05,80.15,3,cas_fcw,"Chennai Bypass Expressway, Ward 150, Zone 11 Valasaravakkam, Ambattur, Thiruvallur District, Tamil Nadu, 600116, India",58.333
304,13.12,80.26,3,cas_pcw,"5th Cross Road, CMWSSB Division 37, Zone 4 Tondiarpet, Chennai, Chennai District, Tamil Nadu, 600001, India",22
70,12.79,80.21,3,cas_ldw,"Kelambakkam, Tiruporur, Chengalpattu District, Tamil Nadu, 603103, India",42
280,13.08,80.16,3,cas_hmw,"Ward 86, Zone 7 Ambattur, Ayanambakkam, Ambattur, Thiruvallur District, Tamil Nadu, 600037, India",36
6,12.39,79.8,3,cas_ldw,"Grand Southern Trunk Road, Melmavurathur, Cheyyur, Chengalpattu District, Tamil Nadu, 603319, India",56.667
290,13.09,80.16,3,cas_hmw,"Ward 86, Zone 7 Ambattur, Athipet, Ambattur, Thiruvallur District, Tamil Nadu, 600058, India",22
157,12.95,80.12,3,cas_ldw,"Tambaram, Chengalpattu District, Tamil Nadu, 600045, India",58
237,13.03,80.26,3,cas_pcw,"District Branch Library, St. Mary's Road, Mylapore, Warren Road, East Abhiramapuram, CMWSSB Division 123, Zone 9 Teynampet, Chennai, Chennai District, Tamil Nadu, 600004, India",29.333
175,12.97,80.12,3,cas_ldw,"Anakaputhur, Tiruneermalai, Pallavaram, Chengalpattu District, Tamil Nadu, 600070, India",58.333
8,12.41,79.82,2,cas_ldw,"Maduranthakam, Chengalpattu District, Tamil Nadu, 603301, India",57
269,13.07,80.17,2,cas_hmw,"CMWSSB Division 143, Zone 11 Valasaravakkam, Ambattur, Thiruvallur District, Tamil Nadu, India",29
301,13.11,80.27,2,cas_hmw,"Ward 46, Zone 4 Tondiarpet, Chennai, Chennai District, Tamil Nadu, 600001, India",48
75,12.8,80.2,2,cas_ldw,"Pudupakkam, Tiruporur, Chengalpattu District, Tamil Nadu, 603103, India",58
71,12.79,80.22,2,cas_fcw,"Kelambakkam, Tiruporur, Chengalpattu District, Tamil Nadu, 603103, India",32.5
284,13.08,80.23,2,cas_fcw,"E Block, CMWSSB Division 101, Zone 8 Anna Nagar, Chennai, Chennai District, Tamil Nadu, 600001, India",24
285,13.08,80.24,2,cas_hmw,"Landons Road, Reserve Bank Staff Quarters, Ward 103, Zone 8 Anna Nagar, Chennai, Chennai District, Tamil Nadu, 600001, India",35
88,12.83,80.23,2,cas_ldw,"Rajiv Gandhi Salai, CMWSSB Division 200, Navalur, Tiruporur, Sholinganallur, Chengalpattu District, Tamil Nadu, 603103, India",43.5
298,13.1,80.27,2,cas_fcw,"Basin Bridge Road, CMWSSB Division 72, Ward 72, Zone 6 Thiru. Vi. Ka. Nagar, Chennai, Chennai District, Tamil Nadu, 600001, India",16.5
77,12.8,80.22,2,cas_ldw,"Aurum Villas by Pacifica, Padur, Tiruporur, Chengalpattu District, Tamil Nadu, 603103, India",40.5
295,13.09,80.22,2,cas_hmw,"4th Main Road, T Block, Ward 101, Zone 8 Anna Nagar, Chennai, Chennai District, Tamil Nadu, 600001, India",38.5
82,12.82,80.23,2,cas_ldw,"Siruseri, Tiruporur, Chengalpattu District, Tamil Nadu, 603103, India",48.5
224,13.02,80.13,2,cas_hmw,"Bharat Petroleum Petrol Pump, Mangadu - Pattu - Mugalivakkam Road, Moulivakkam, Paraniputhur, Alandur, Chennai District, Tamil Nadu, 600122, India",43
107,12.87,80.12,2,cas_ldw,"Kolapakkam, Chengalpattu, Chengalpattu District, Tamil Nadu, 603210, India",55.5
232,13.03,80.14,2,cas_ldw,"Uranus Apartments, Moulivakkam, Thelliyaragaram, Alandur, Chennai District, Tamil Nadu, 600122, India",58
307,13.13,80.25,2,cas_pcw,"Tondiarpet High Road, Ward 36, Zone 4 Tondiarpet, Chennai, Chennai District, Tamil Nadu, 600001, India",18.5
203,12.99,80.26,2,cas_hmw,"73/26A, Kalakshetra Road, Nava Bharath Colony, Ward 181, Zone 13 Adyar, Chennai, Chennai District, Tamil Nadu, 600041, India",0
202,12.99,80.25,2,cas_hmw,"Taj Wellington Mews, Rajiv Gandhi IT Expressway, Sriram Nagar, CMWSSB Division 180, Zone 13 Adyar, Chennai, Chennai District, Tamil Nadu, 600113, India",38.5
194,12.98,80.26,2,cas_hmw,"Devendra Nagar, Ward 182, Zone 13 Adyar, Chennai District, Tamil Nadu, 600041, India",17
192,12.98,80.24,2,cas_hmw,"Ward 180, Zone 13 Adyar, Chennai District, Tamil Nadu, 600036, India",50
246,13.04,80.28,2,cas_hmw,"Marina Beach Road, Ward 120, Zone 9 Teynampet, Chennai, Chennai District, Tamil Nadu, 600001, India",38
145,12.93,80.2,2,cas_fcw,"Ward 190, Zone 14 Perungudi, Sholinganallur, Chennai District, Tamil Nadu, 600100, India",43
309,13.13,80.29,2,cas_hmw,"Ward 40, Zone 4 Tondiarpet, Chennai, Chennai District, Tamil Nadu, 600001, India",15
315,13.18,80.31,2,cas_hmw,"Bharathiyar Nagar, CMWSSB Division 5, Zone 1 Tiruvottiyur, Mathavaram, Thiruvallur District, Tamil Nadu, 600057, India",51
4,12.38,79.78,2,cas_ldw,"Acharapakkam - Seethapuram - Kadamalaiputhur Road, Maduranthakam, Chengalpattu District, Tamil Nadu, 603319, India",57
5,12.38,79.79,2,cas_ldw,"Grand Southern Trunk Road, Melmavurathur, Cheyyur, Chengalpattu District, Tamil Nadu, 603319, India",58
255,13.05,80.28,2,cas_fcw,"Lady Willingdon High School, Avvai Shanmugam Salai, CMWSSB Division 120, Zone 9 Teynampet, Chennai, Chennai District, Tamil Nadu, 600001, India",45
120,12.9,80.23,2,cas_hmw,"CMWSSB Division 197, Ward 197, Sholinganallur, Chennai District, Tamil Nadu, 600119, India",19.5
116,12.89,80.23,2,cas_hmw,"CMWSSB Division 197, Ward 197, Sholinganallur, Chennai District, Tamil Nadu, 600119, India",41
115,12.89,80.14,2,cas_pcw,"Chengalpattu, Chengalpattu District, Tamil Nadu, 600013, India",30.5
305,13.12,80.27,2,cas_pcw,"CMWSSB Division 37, Zone 4 Tondiarpet, Chennai, Chennai District, Tamil Nadu, 600001, India",24
291,13.09,80.17,2,cas_hmw,"CMWSSB Division 86, Zone 7 Ambattur, Ambattur, Thiruvallur District, Tamil Nadu, 600037, India",23.5
299,13.1,80.28,1,cas_pcw,"Mint Street, CMWSSB Division 55, Zone 5 Royapuram, Chennai, Chennai District, Tamil Nadu, 600001, India",17
9,12.43,79.83,1,cas_ldw,"Melmavurathur, Cheyyur, Chengalpattu District, Tamil Nadu, 603319, India",58
3,12.37,79.78,1,cas_ldw,"Maduranthakam, Chengalpattu District, Tamil Nadu, India",59
311,13.14,80.26,1,cas_pcw,"Old Kodungaiyur Sewage Treatment Plant, Tondiarpet High Road, Ward 37, Zone 4 Tondiarpet, Chennai, Chennai District, Tamil Nadu, 600001, India",14
312,13.14,80.3,1,cas_hmw,"Chennai Port Entry Road, Ward 14, Zone 1 Tiruvottiyur, Mathavaram, Thiruvallur District, Tamil Nadu, 600019, India",53
313,13.15,80.3,1,cas_fcw,"Kaladipet, CMWSSB Division 12, Zone 1 Tiruvottiyur, Mathavaram, Thiruvallur District, Tamil Nadu, 600019, India",42
2,12.36,79.78,1,cas_ldw,"Grand Southern Trunk Road, Maduranthakam, Chengalpattu District, Tamil Nadu, India",58
74,12.8,80.19,1,cas_ldw,"Softgel Private Ltd., Vandalur - Mambakkam - Kelambakkam Road, Kolapakkam, Tiruporur, Chengalpattu, Chengalpattu District, Tamil Nadu, 600127, India",58
7,12.4,79.81,1,cas_ldw,"Grand Southern Trunk Road, Melmavurathur, Cheyyur, Chengalpattu District, Tamil Nadu, 603319, India",58
273,13.07,80.23,1,cas_pcw,"Apparao Garden 1st Street, Ward 107, Zone 8 Anna Nagar, Chennai, Chennai District, Tamil Nadu, 600001, India",24
292,13.09,80.18,1,cas_hmw,"Ward 89, Zone 7 Ambattur, Ambattur, Thiruvallur District, Tamil Nadu, 600050, India",14
76,12.8,80.21,1,cas_ldw,"Aurum Villas by Pacifica, Pudupakkam, Tiruporur, Chengalpattu District, Tamil Nadu, 603103, India",58
207,13,80.12,1,cas_ldw,"Thandalam, Pallavaram, Chengalpattu District, Tamil Nadu, 600128, India",58
1,12.35,79.77,1,cas_ldw,"Maduranthakam, Chengalpattu District, Tamil Nadu, India",58
154,12.94,80.25,1,cas_hmw,"CMWSSB Division 193, Ward 193, Sholinganallur, Chennai District, Tamil Nadu, 600115, India",36
153,12.94,80.21,1,cas_hmw,"Ward 189, Zone 14 Perungudi, Sholinganallur, Chennai District, Tamil Nadu, 600100, India",34
146,12.93,80.25,1,cas_ldw,"CMWSSB Division 196, Ward 196, Sholinganallur, Chennai District, Tamil Nadu, 600115, India",41
138,12.92,80.25,1,cas_ldw,"CMWSSB Division 196, Ward 196, Sholinganallur, Chennai District, Tamil Nadu, 600115, India",40
251,13.05,80.16,1,cas_ldw,"Alapakkam, Vanagaram, Ambattur, Thiruvallur District, Tamil Nadu, 600095, India",57
137,12.92,80.2,1,cas_ldw,"Ward 191, Zone 14 Perungudi, Sholinganallur, Chennai District, Tamil Nadu, 600100, India",0
124,12.91,80.25,1,cas_ldw,"East Coast Road, CMWSSB Division 196, Ward 196, Sholinganallur, Chennai District, Tamil Nadu, 600115, India",51
122,12.91,80.08,1,cas_ldw,"Perungalathur, Tambaram, Chengalpattu District, Tamil Nadu, 600045, India",59
111,12.88,80.23,1,cas_hmw,"CMWSSB Division 198, Sholinganallur, Chennai District, Tamil Nadu, 600119, India",58
101,12.86,80.23,1,cas_ldw,"CMWSSB Division 200, Sholinganallur, Chennai District, Tamil Nadu, 600130, India",25
100,12.86,80.14,1,cas_ldw,"Rathinamangalam, Chengalpattu, Chengalpattu District, Tamil Nadu, 600127, India",31
267,13.06,80.28,1,cas_ldw,"Presidency College, Chennai, Bharathi Salai, Mattankuppam, Ward 114, Zone 9 Teynampet, Chennai, Chennai District, Tamil Nadu, 600001, India",57
96,12.85,80.23,1,cas_hmw,"Rajiv Gandhi Salai, CMWSSB Division 200, Navalur, Tiruporur, Sholinganallur, Chengalpattu District, Tamil Nadu, 603103, India",51
91,12.84,80.13,1,cas_hmw,"Kandigai, Chengalpattu, Chengalpattu District, Tamil Nadu, 600127, India",48
87,12.83,80.17,1,cas_hmw,"Maambakkam, Tiruporur, Chengalpattu District, Tamil Nadu, 600127, India",37
86,12.83,80.13,1,cas_hmw,"Kumizhi, Chengalpattu, Chengalpattu District, Tamil Nadu, 600127, India",40
85,12.83,80.12,1,cas_pcw,"Chengalpattu, Chengalpattu District, Tamil Nadu, 600127, India",13
81,12.82,80.17,1,cas_hmw,"Vandalur - Mambakkam - Kelambakkam Road, Kolapakkam, Rathinamangalam, Chengalpattu, Chengalpattu District, Tamil Nadu, 600127, India",48
286,13.08,80.26,1,cas_hmw,"EVR Periyar Salai, Mahaveer Colony, CMWSSB Division 58, Zone 5 Royapuram, Chennai, Chennai District, Tamil Nadu, 600001, India",36
316,13.18,80.32,1,cas_hmw,"Chennai - Ennore Expressway Road, CMWSSB Division 5, Zone 1 Tiruvottiyur, Mathavaram, Thiruvallur District, Tamil Nadu, 600019, India",31
